Volume_(BTC),Volume_(Currency),Weighted_Price
0.01,3.0,300.0
0.0,0.0,377.0
0.0,0.0,377.984375
0.0,0.0,378.0
0.0,0.0,378.0
0.015,5.67,378.0
0.0,0.0,375.00042553
0.0,0.0,375.00042553
0.235,88.1251,375.00042553
0.01,3.98,398.0
0.0,0.0,379.0
0.05,18.95,379.0
0.0,0.0,342.5
0.0,0.0,342.5
0.0,0.0,342.5
0.0,0.0,342.5
0.0,0.0,342.5
0.0,0.0,342.5
2.0,685.0,342.5
0.0,0.0,360.0
0.0,0.0,360.0
0.0,0.0,360.0
0.0,0.0,360.0
0.0,0.0,360.0
0.0,0.0,360.0
0.0,0.0,360.0
0.0,0.0,360.0
0.0,0.0,360.0
0.0,0.0,360.0
0.0,0.0,360.0
0.0,0.0,360.0
0.0,0.0,360.0
0.0,0.0,360.0
0.0,0.0,360.0
0.0,0.0,360.0
0.0,0.0,360.0
0.0,0.0,360.0
0.0,0.0,360.0
0.01,3.6,360.0
0.02,5.6663,283.315
0.0,0.0,260.0
0.0,0.0,260.0
0.0,0.0,260.0
1.0,260.0,260.0
0.0,0.0,200.0
0.0,0.0,109.94
0.0,0.0,199.9569876
0.0,0.0,200.12
0.0,0.0,195.0
0.2,42.0,210.0
0.0,0.0,215.0
0.0,0.0,215.0
0.0,0.0,222.58625
0.0,0.0,230.0
0.0,0.0,230.0
0.0,0.0,235.0
0.0,0.0,250.247136
0.0,0.0,299.81132075
0.0,0.0,259.0
1.284599,328.857344,256.0
0.0,0.0,231.10678289
0.1093,25.998098,237.86
0.0,0.0,231.91254453
0.0,0.0,219.2674
0.188,42.24869,224.72707447
0.7444,177.68817,238.69985223
47.18,10601.889699,224.71152393
0.0,0.0,226.38733431
0.0983,21.425598535,217.96132792
0.1,22.432584,224.32584
4.64,1053.832863,227.11915151
0.75,167.72608422,223.63477895
2.64,574.287565,217.53316856
1.15,254.242,221.08
0.15,32.745,218.3
5.92386291,1366.6423141,230.70120543
0.95,236.41065052,248.85331634
0.81,208.5668,257.48987654
4.7677582,1111.0415446,233.03227597
0.0,0.0,236.99959188
4.38,1062.1750168,242.5057116
2.83,669.54910655,236.5897903
2.156,527.167,244.51159555
0.01,2.456,245.6
1.05,258.9271,246.5972381
0.122,28.91644,237.02
0.01,2.376,237.6
0.49,116.764184,238.29425306
0.04,9.4532,236.33
5.7126,1439.592993,252.00311469
2.07,522.07371241,252.2095229
8.476,2157.332721,254.5225013
0.14,36.6478,261.77
11.26338116,3112.6876595,276.35464123
0.29,80.8883,278.92517241
7.85,2126.104199,270.84129923
0.15,40.578502,270.52334667
0.21,57.19664,272.36495238
16.61710272,4620.9728354,278.08535057
0.15968338,44.607961702,279.35256444
0.01,2.9571,295.71
1.67,488.8902192,292.74863425
1.7,498.31389844,293.12582261
4.4132,1279.8309,290.00065712
1.0,285.0,285.0
10.01,2867.413521,286.4548972
2.01979039,591.12298892,292.66551215
4.96654851,1453.3437461,292.62650776
0.0,0.0,285.97466857
21.297493,5537.3506768,260.00011724
0.9823189,259.509007,264.18
1.14025527,294.80149751,258.5399123
3.64621959,953.13979683,261.40493552
0.1,26.972,269.72
0.01,2.6716,267.16
0.08245271,20.191759625,244.88897484
7.9497,1965.232854,247.20842975
0.89,222.455199,249.9496618
4.41725633,1120.613506,253.68994287
0.01,2.4857,248.57
1.74,428.16925448,246.07428419
0.26,64.5871,248.41192308
0.3586,87.570463,244.2009565
0.1034,25.46742,246.3
1.2965,329.14002616,253.86812662
0.0,0.0,252.79
1.3795,348.416309,252.56709605
1.1533,299.050613,259.29993324
0.3264,83.08512,254.55
2.16,550.6567,254.93365741
100.6718,24562.752053,243.98840642
6.8566,1643.0951522,239.63701429
1.0426,246.00147,235.95
0.0,0.0,237.71
0.19,45.0433,237.07
3.908201,857.78447049,219.48320224
3.12,692.2656,221.88
0.0316,7.178221,227.15889241
17.9324027,4055.7964366,226.17138955
0.0563,12.608948,223.96
0.7396,165.677796,224.01
0.1173,26.282238,224.06
0.0498,11.277708,226.46
0.04,9.426375,235.659375
0.0945002,22.115681802,234.02788356
0.0194,4.481694003,231.01515479
0.0,0.0,230.2891423
0.04,8.7982,219.955
0.0664,14.7264,221.78313253
0.1699,38.130921,224.43155386
0.0,0.0,223.25015396
0.0,0.0,225.74959507
4.0738016,967.83602362,237.57564031
0.2103,49.424706,235.02
2.37995,568.570055,238.9
13.4432,3250.867262,241.82242785
0.2445,57.593854591,235.55768749
0.0322,7.5831,235.5
0.6992,160.270324,229.21957094
1.874,445.41232,237.68
0.4034,99.401794,246.41
0.2,48.054,240.27
0.048,11.5416,240.45
0.094,22.69818,241.47
0.0,0.0,243.47
4.9949,1187.0540918,237.65322464
12.508,2969.3940632,237.39958932
0.0,0.0,237.43604848
3.2738,777.344078,237.44397275
1.1505,272.265825,236.65
0.0,0.0,234.40259992
0.0196,4.568564,233.09
1.2111,284.49391,234.90538353
1.5092,357.363368,236.78993374
0.0,0.0,239.81254426
0.0,0.0,239.57167914
0.0,0.0,241.09136486
0.3792,89.87399,237.0094673
1.1637,277.379532,238.36
0.4887,116.40993971,238.2032734
0.13478,31.8783764,236.52156403
0.4312,101.78590226,236.05264903
0.03934353,9.1835667726,233.42
0.7766,179.14903853,230.6837993
0.0,0.0,223.73
0.0925,20.8683,225.60324324
10.2443577,2311.9152462,225.67693495
0.0,0.0,223.91473674
1.0137,228.163596,225.08
0.4388,99.067876,225.77
0.0454,10.175956,224.14
0.0,0.0,228.46619761
1.2918,296.59679,229.59962068
1.1079,254.69845469,229.89299999
0.0,0.0,229.28158542
1.7474,401.709786,229.89
0.0156,3.652116,234.11
1.3803,325.916436,236.12
2.0346,485.90273301,238.81978424
75.393,19004.393955,252.07106701
0.5013,123.179436,245.72
0.2504,62.674299,250.29672125
0.05948675,14.360957955,241.41439826
0.0,0.0,245.28650022
12.2916,3015.114438,245.29877624
0.4114,100.797114,245.01
0.0,0.0,243.76
0.2173,52.560524,241.88
0.319,77.165984,241.89963636
4.1122,1001.7374954,243.60135581
0.1214,30.303191776,249.61442979
10.0219008,2510.4583957,250.4972306
7.06812256,1883.4284835,266.46800016
0.0,0.0,261.40750865
0.708295,183.39133471,258.91942582
12.5689,3195.768714,254.26001591
0.724,185.02544,255.56
0.1008,26.348112,261.39
0.3676,99.200536,269.86
0.9208,246.045468,267.20837098
4.4104,1180.089824,267.56979503
0.7344,198.060336,269.69
3.0344,822.34083647,271.00607582
1.44833532,420.92775085,290.62865832
24.4997,7321.8851261,298.85611359
2.5483,783.23501121,307.35588872
1.8379,528.58085807,287.60044511
0.0527,15.313039,290.57
0.0,0.0,286.32152999
6.9522,1914.079704,275.32
22.38890009,6251.2121727,279.21032957
0.0,0.0,277.46
0.0159,4.41066,277.4
0.0,0.0,279.48685998
0.3975,109.70205,275.98
0.0,0.0,277.62388944
0.0,0.0,277.71824519
0.0,0.0,288.3
4.918,1421.40036,289.02
6.79052,1982.8997452,292.01
0.13670336,40.625912491,297.18298432
25.0,7285.886829,291.43547316
0.0558,16.243938,291.11
0.9813,279.387892,284.71200652
0.0,0.0,281.1
0.0,0.0,278.60509413
1.0195,288.19226,282.68
17.39328,4924.4195802,283.12196321
0.0,0.0,283.66
0.0,0.0,280.28
0.0,0.0,277.68137025
0.012,3.33732,278.11
0.2347,61.903714,263.75677035
5.0067,1333.165249,266.27623964
0.097,25.92034,267.22
6.40775078,1721.6560136,268.68336062
0.11,29.117,264.7
1.48,391.3252,264.40891892
3.7083,989.839335,266.92536607
0.6316,165.251824,261.64
13.17713869,3426.4618369,260.03079405
0.3904,99.631484,255.20359631
3.82440674,896.79234943,234.49188603
1.2077,283.169419,234.47
0.0889,20.877687,234.84462317
0.2977,69.442656,233.26387639
0.4704,108.80462,231.30233844
1.4428,321.628976,222.92
1.3996,294.054135,210.09869606
0.0,0.0,224.02101487
1.744,392.59184,225.11
0.9223,208.450541,226.01164589
2.4368,567.286677,232.79985103
1.4384,331.935275,230.76701543
0.0454,10.35347,228.05
0.4515,103.724365,229.73281285
3.8095,869.21969,228.1715947
2.2769,518.381823,227.67
4.6453,1067.978294,229.90512862
0.2724,62.867196,230.79
1.7616,425.25024,241.4
4.1113,989.777307,240.74558096
1.4931,363.88953906,243.71411095
0.3179,76.644655,241.09674426
4.0052,949.307277,237.01869495
0.0171,4.109472,240.32
0.3424,82.182848,240.02
0.0,0.0,235.94
2.0018,458.31211,228.95
0.4519,104.732221,231.75972782
1.0006,231.214521,231.07587547
0.2286,52.556809,229.90730096
0.0,0.0,233.42664097
0.0,0.0,233.21
1.0009,233.2097,233.0
0.2468,56.285208,228.06
30.1828,6854.10574,227.08647773
0.9412,218.339576,231.98
0.0,0.0,232.69
0.9732,229.665468,235.99
0.0,0.0,234.95230851
1.0046,235.95561577,234.8751899
0.8173,194.059712,237.44
0.121,29.13559,240.79
0.037,8.80933,238.09
0.0,0.0,237.47857143
0.05,11.9455,238.91
0.1112,26.55456,238.8
4.1821,1004.373136,240.16
0.1712,40.95104,239.2
35.8179,8641.8878458,241.27287881
0.3046,75.20574,246.9
1.4871,364.280516,244.96033622
0.4078,99.34008,243.6
19.1708,4696.997806,245.00791861
0.8519,209.345906,245.74
1.1774,292.077618,248.07
5.2504,1296.216652,246.87960003
11.1135,2792.366341,251.25895002
0.0,0.0,254.55
4.1526,1064.7641911,256.40904278
0.1207,32.416399,268.57
0.0213,5.761863,270.51
2.4895,657.03384,263.92200844
0.0,0.0,266.74613538
1.9762,532.249946,269.33
0.669,181.382339,271.1245725
2.9571144,825.14354318,279.03673364
0.1059,29.681652,280.28
5.68138335,1659.9297734,292.17
1.3898,395.474566,284.55501943
3.4094,990.558326,290.53743357
0.3516,105.912668,301.23056883
1.3725,421.286662,306.94838761
2.57526659,861.26809103,334.43842062
0.0,0.0,329.41
0.0102,3.227586,316.43
0.0,0.0,327.79722073
31.6281,11860.421538,374.99633358
7.57592826,3333.2126871,439.97416194
30.2056358,11929.717358,394.95004963
0.4103,154.201421,375.82603217
4.10369331,1562.5033576,380.75539267
11.368899,4319.626631,379.95118358
0.0818,30.183664,368.99344743
0.31098752,118.62343938,381.4411568
32.09917961,10066.9058,313.61878784
18.19849096,6054.5838417,332.69702719
34.64857607,11570.966362,333.95214679
0.0,0.0,335.06
0.325,108.93655,335.18938462
0.1172,37.828492,322.76870307
0.0,0.0,335.36
0.056,18.60824,332.29
15.0004,5016.893563,334.45065218
0.622,198.107,318.5
0.0618,20.197476,326.82
0.2739,89.3049161,326.04934684
1.0004,322.138804,322.01
0.0466,15.021222,322.34381974
0.0273,8.707608,318.96
0.054,18.19628,336.96814815
1.3029,457.074956,350.81353596
1.2283,438.552232,357.04
0.3555,126.70731,356.42
2.3549,893.977549,379.62442099
0.83474676,315.53789236,378.00433315
6.652,2360.200154,354.81060643
14.9438,5447.5903376,364.5384934
0.2527,91.063053,360.36032054
9.1813,3406.6304498,371.04009779
11.83694099,4607.7746522,389.27072933
0.3208,125.427092,390.98220698
0.0511,20.079745,392.95
1.08603612,453.5259381,417.5974719
0.1234,51.034457196,413.56934519
2.2681,954.965225,421.04194039
1.208514,516.1045166,427.05712685
0.0,0.0,433.4
1.3143,577.103278,439.09554744
15.2327,7000.336458,459.55979295
5.29944501,2406.000187,454.00984112
1.4702,666.898355,453.61063461
9.08,4206.6732,463.29
0.2106,97.7078,463.94966762
0.0,0.0,459.16921418
0.0,0.0,434.51
0.0,0.0,440.43
0.2761,120.553543,436.63
8.7099,3972.020539,456.03514839
0.6873,314.75971,457.96553179
0.62794,278.17691,442.99918782
0.3752,158.927216,423.58
0.0,0.0,429.9
3.4172,1445.54479,423.02024757
0.42,182.049,433.45
0.1316,55.756288,423.68
0.55144407,239.48862213,434.29358508
0.0,0.0,434.27437733
1.0068,435.904128,432.96
0.0343,14.896833,434.31
0.1767,76.652893,433.80245048
0.0193,8.331038,431.66
15.4521,6974.9514604,451.39181473
2.4733,1122.988998,454.04479764
10.2042,4616.38008,452.4
0.2516,112.725332,448.03391097
2.565,1145.939915,446.76020078
0.0,0.0,447.60272323
2.2609,979.631303,433.29262816
0.4548,196.059732,431.09
47.95292,19425.662027,405.09862647
85.12031223,30352.188815,356.57985762
10.3275,3925.697885,380.12083128
4.00617854,1493.4684099,372.79127603
0.6518,249.398538,382.6304664
1.97527,748.8585124,379.11703838
0.39808,164.6936576,413.72
0.0,0.0,396.52997037
7.76976,3038.1153699,391.01791688
0.0,0.0,388.9735865
0.0,0.0,399.95783174
0.32776,128.854016,393.13526971
1.05711,418.667105,396.0487603
1.36604,523.6369132,383.32472929
1.44982,545.9007246,376.53
13.50154,5130.8916504,380.02269744
0.84601,323.0386465,381.8378583
1.16813,439.0556387,375.86196631
0.2783,103.970267,373.59061085
0.24802,92.506755,372.98102976
0.87127,323.604163,371.41662516
0.29848,114.769684,384.51381667
0.2301,86.1018288,374.19308475
0.0,0.0,376.11
0.23552,89.297408,379.15
0.0,0.0,370.40243955
0.01718,6.4410155,374.91359139
0.37653,141.5587323,375.95605211
0.0,0.0,379.42909754
2.76531,1075.9408686,389.08508218
0.10489,41.7506112,398.04186481
1.8766,762.9137663,406.54042753
0.0,0.0,400.54869118
0.38497,158.6004519,411.98132816
0.17278,72.4435774,419.28219354
0.81379,340.0083339,417.80844432
0.64848,276.2265408,425.96
0.35838,160.1779514,446.95002902
0.0,0.0,434.56996712
0.11679,50.7347439,434.41
1.54201,642.2129227,416.47779372
1.7,721.0989,424.17582353
4.32679,1835.1671125,424.14055512
0.14078283,60.909691399,432.65
0.0,0.0,427.26405959
0.0,0.0,434.67223284
9.19249,3964.8798054,431.31728241
2.51579,1089.3461816,433.00362176
6.00859243,2501.2600865,416.28053752
1.73821,732.89569106,421.63817436
11.37093,4510.0290567,396.62798528
0.07617,30.407064,399.2
0.01966357,7.955880422,404.6
0.28152,116.5577256,414.03
1.94217988,796.74334397,410.23148894
0.22420645,92.531943979,412.70866195
17.11124,7153.76673,418.0741273
0.75778,315.6055051,416.48698184
2.52073,1041.0454267,412.99362752
0.0,0.0,414.74339054
8.03903,3333.2501788,414.63337975
0.78321,324.5933153,414.43969727
2.50399,1046.3139655,417.85868374
1.43359,594.6080159,414.76852929
0.0,0.0,409.33
2.07391,851.4902778,410.57243458
1.76459,722.4348878,409.40665412
1.43058,595.0211394,415.93
0.22128,92.283748,417.04513738
10.48587,4360.708648,415.8652213
4.17441,1726.7446965,413.65
0.04745,19.800385,417.28946259
0.0,0.0,416.91
1.21273,513.7675791,423.64547682
2.06158,872.5485098,423.24261479
0.0312,12.8856,413.0
1.5289,633.0396304,414.04907476
1.1228,466.483867,415.4647907
0.0,0.0,418.91133781
1.05077,440.5897764,419.30182285
14.76984,6202.9838912,419.97637694
3.94362,1666.0593726,422.46955148
15.81414,6674.1996456,422.04
0.0,0.0,421.54993983
0.39163,165.3226882,422.14
0.22178,92.6066346,417.5608017
0.49707,209.1631498,420.79214155
0.14684137,61.949319276,421.87919709
4.88553453,2078.7020967,425.48099578
0.97253,417.15034868,428.9331421
0.0,0.0,425.37
0.03,12.7845,426.15
0.60214,261.1279662,433.66653303
0.16526,71.7032432,433.88141837
0.12156013,52.725770386,433.7423001
54.01779225,23359.736107,432.44522098
34.30425,15010.621102,437.57321913
5.5968,2475.4033269,442.28904498
0.87147,388.9336995,446.29614272
0.34666,155.194392,447.68474009
1.17006,536.4370282,458.46967523
0.01,4.6182,461.82
5.38051,2519.8004432,468.32
0.66158,310.9427536,470.00023217
0.13636,60.454106,443.34193312
11.86752,5343.8237297,450.28984402
1.1174,508.424974,455.00713621
0.0,0.0,454.39081433
1.12341,513.52207553,457.1101161
0.06947,31.0516753,446.97963581
0.0,0.0,452.07
16.26805,7293.6495123,448.34196553
0.20233,91.45316,452.0
4.33851,1998.0814752,460.54555025
0.12631,58.4236905,462.54208297
0.82567,379.8285745,460.02467632
8.37807607,3868.1577215,461.7
0.4657,212.028553,455.29
2.64995,1193.8015781,450.49966154
2.67456,1215.1060992,454.32
0.12543,57.2852043,456.71055011
0.74022,340.23046011,459.63424402
0.0,0.0,458.7
6.56166,2991.3876864,455.88885837
10.984,5008.2902721,455.96233358
2.5629,1167.4814933,455.53142663
0.57306,253.7626904,442.8204558
0.50346,223.8333792,444.59019426
0.046,20.47782,445.17
1.1289,500.034966,442.94
1.997444,891.51559998,446.32820744
2.30117,1033.4091428,449.07987796
0.20886,94.1895942,450.97
9.24683122,4390.3949293,474.79994225
11.38706,5666.8598457,497.65785424
0.48522,251.8146234,518.97
0.49255,258.0505405,523.90729977
1.06283,567.7106445,534.15
0.53499,285.1396428,532.98125722
0.09169442,49.365224063,538.36671918
0.31828,171.4510704,538.68
23.95631377,13894.661987,580.0
0.83767,483.9637172,577.74985042
0.42379989,247.19562522,583.28383525
0.79285,464.879669,586.34
0.96247425,552.14369762,573.6711373
1.73431634,1007.0051817,580.63523848
0.42654,246.235073,577.28483378
0.1011,59.215281,585.71
7.3823554,4638.6380217,628.34119605
18.36873496,12495.875214,680.27957512
5.28377,3643.3707553,689.539998
4.78005,3251.4349455,680.20940063
0.45141,331.1041338,733.48869941
26.10439496,18848.448168,722.04118109
0.01444,10.77224,746.0
4.61383,3494.1271775,757.31597773
5.0994,3892.361958,763.29802683
3.40314,2401.512504,705.67549498
0.01234,8.2485496,668.44
4.21688,2509.6820155,595.15139523
19.56715632,13173.778838,673.25975334
0.05899,40.2388487,682.13
1.26916,840.5139016,662.26
0.6234847,410.37274043,658.19215841
0.24912,162.9735344,654.19691073
0.35975,229.47034497,637.86058365
1.98333,1268.6369064,639.64993541
31.53994078,21436.168835,679.65152455
0.15407,104.860042,680.6
0.31402,216.7017804,690.08910388
0.35736,242.0812922,677.41574938
1.01,681.8629,675.11178218
2.2303,1503.0173468,673.90814993
1.1676,758.761094,649.84677458
0.0,0.0,641.80572564
0.19207,126.7162618,659.74
0.0,0.0,650.3143298
0.170497,111.505038,654.0
8.97683,5836.008877,650.11912635
16.63909,11097.637791,666.96182248
4.91438,3223.6012656,655.95278867
0.07874,52.3809976,665.24
6.41885,4294.4772602,669.04153551
1.0033,671.66753352,669.45832106
1.35914,926.19057709,681.45340222
0.1079,72.899398,675.62
0.03037,20.423825,672.5
0.94869,630.9618722,665.08751246
0.23156,154.9960603,669.35593496
1.75,1151.9626453,658.26436875
0.34165901,224.58050017,657.32351144
0.7886,517.731672,656.52
1.72928,1117.7823352,646.38597289
0.2165,141.957885,655.69461894
0.66408951,436.48370861,657.26638056
0.2482,163.1788365,657.44897865
0.0,0.0,657.48551989
80.45927,51676.604271,642.27035954
1.87715713,1178.2668133,627.68683266
3.65277,2200.4566429,602.40766402
8.9226621,4846.3549631,543.15123769
1.095479,638.7709049,583.09735276
0.15046,86.3799706,574.1058793
0.9186,530.20259232,577.18549131
0.09829,58.3938395,594.09746159
0.25834,152.769559,591.35077417
0.09952,58.5834432,588.66
8.76144631,5150.0777894,587.81137351
4.17433,2476.477865,593.26355727
0.37288,219.3242872,588.19
0.32787,192.92832873,588.42934312
16.22632278,9451.9386799,582.50651168
0.39332,225.1108755,572.33518636
4.32172,2452.6766176,567.52325871
0.20822,120.5775054,579.08704927
0.48604729,279.18495551,574.39874937
1.10499,633.3587383,573.18051593
0.17389,99.917194,574.6
1.18085,689.6045915,583.99
0.39626,229.93149797,580.25412095
0.90908,532.6390628,585.91
0.25256,146.1994072,578.87
1.30598,750.2882348,574.5020864
0.20919,120.5227671,576.1401936
0.21187,122.0188874,575.9139444
0.18892,107.9847828,571.59
0.06289,36.1391096,574.64
13.52652106,7786.8509568,575.67285204
0.072262,41.3972287,572.87687443
0.32001416,183.25378552,572.64274032
0.44184,252.2862216,570.99
1.46521,843.27185499,575.52968857
0.04028,24.115636,598.7
0.25309,154.2355769,609.41
0.10435,63.321667,606.82
0.27942436,170.69666694,610.88684944
0.29393,180.77450108,615.02569007
7.30614,4538.3584638,621.17047631
0.14424,89.707396,621.93147532
0.36816,229.40182791,623.10361775
2.0967,1276.408459,608.77019078
0.0806,49.01209477,608.09050583
1.31915619,802.80064937,608.57133936
4.80887,2921.8745885,607.60107645
0.64507,391.48140948,606.88205851
0.66233,402.7922416,608.14434134
0.02946,17.9001906,607.61
0.0,0.0,610.47
0.99682,607.41451224,609.3522524
2.94267,1763.5867913,599.31517681
0.0,0.0,597.08656832
0.43707,260.85514184,596.8269198
3.17883,1923.4570454,605.0833311
0.2169,130.8047013,603.06455187
1.659e-05,0.0099734103,601.17
2.31844213,1405.6208507,606.27816953
0.4147,250.39586,603.8
0.63479525,384.67647325,605.98511606
1.08164,655.758414,606.26309493
0.54996,336.9494928,612.68
1.18075,724.3934006,613.50277417
1.24141,763.4981373,615.02496137
0.53534,326.8231342,610.49638398
0.51895,316.912386,610.68
0.27267558,167.10104894,612.82
1.84957,1134.5985588,613.43910141
0.19467,120.598065,619.5
0.76095,470.5946533,618.43045312
0.83050378,514.18905404,619.1290954
0.18382,115.8645871,630.31545588
0.45182,289.0474086,639.74018105
2.70456,1725.6174624,638.04
0.15509,98.5203458,635.24628151
0.0,0.0,639.05
0.39425,253.0424775,641.83253646
0.35467,226.6035097,638.91366538
0.02004,12.787124,638.08003992
1.13302,721.37951201,636.68735946
0.98325003,619.4257866,629.97789748
0.3976,250.268872,629.44887324
1.82769258,1155.0659336,631.98042509
0.67322,440.806765,654.77372181
0.43694,283.9884108,649.94830137
0.51010758,333.01863253,652.84
0.54594,358.97772184,657.54061222
3.64701612,2506.521239,687.28
0.76510441,523.92352923,684.77389802
4.55091,3196.6208114,702.41354178
0.02466,17.5216096,710.5275588
0.61052,427.4372624,700.12
0.68089,484.5959343,711.70957761
0.04586,33.3376239,726.94339075
7.23982,5347.697543,738.65062156
0.42731,297.4130515,696.01238328
0.07701,54.2489244,704.44
0.1817,130.453332,717.96
3.1555,2243.655015,711.02995246
0.20777482,146.43772144,704.79051044
8.62924787,6411.0565253,742.94499612
12.77806648,9161.3575425,716.95960862
0.06728,48.1052,715.0
7.27377,5198.7509425,714.72578079
1.15995,805.424928,694.36176387
0.11682,82.3710219,705.11061376
1.33748,950.34565032,710.54942902
0.23414,167.234495,714.25
0.15999,119.6131339,747.62881368
2.19783898,1626.3885215,739.99439281
3.64012071,2733.1078307,750.82890058
0.12196656,91.558471666,750.68503749
5.07272,3722.8948804,733.90506088
0.41358,304.8283902,737.04818947
0.72258,538.6005621,745.385372
0.29544,218.2947072,738.88
0.03263,23.9279053,733.31
0.06134,45.2468376,737.64
1.17129,860.0313954,734.26
0.28176568,206.46720262,732.76206889
0.48406545,353.71124283,730.70954109
1.36809846,1004.86812,734.49985462
0.083145,62.11915855,747.11839016
1.50199,1151.9511024,766.94991471
0.43779,332.4546566,759.39298888
10.0,7639.1270979,763.91270979
0.17617708,133.4418057,757.43
0.0,0.0,756.16
0.49301,371.7138505,753.9681761
1.01328,775.67639682,765.51041846
0.02779,21.3938536,769.84
0.9881974,761.4000504,770.49388149
1.0278,788.35228,767.02887721
3.16082,2443.1693416,772.95427821
0.7838,610.713446,779.17
2.36841092,1848.1101041,780.31649342
0.25575,199.3750275,779.57
1.38855243,1084.3992351,780.9566363
0.22067,174.10921706,789.00266033
0.60192242,476.1087929,790.98032749
1.79179,1424.2283994,794.86346023
4.15124232,3280.9878651,790.3628871
0.16272,131.9678971,811.01215032
3.11069,2679.8722869,861.50413154
10.80923597,9820.1408787,908.49537433
2.61672,2386.2721431,911.93255034
4.10033,3529.7748136,860.85139821
0.6691588,600.64980651,897.61922956
0.21342,194.5914953,911.77722472
1.32624,1257.327801,948.03942048
5.35037,5252.6101648,981.72839726
0.42514,404.85219412,952.27970579
2.62627846,2526.5400375,962.02290654
1.28591,1246.1102445,969.04934599
0.52637,532.80023647,1012.216191
1.3919,1419.1724363,1019.593675
3.2725803,3473.4772687,1061.3879417
19.24032951,22462.579686,1167.4737522
2.65134,2611.9354217,985.13786301
5.90323,4982.9475316,844.10526637
0.50126,466.146737,929.95
2.63646,2350.3655007,891.48536321
0.47176,426.4804752,904.02
1.88855994,1730.2401205,916.16902586
0.22,166.8096,758.22545455
0.16904866,132.72310849,785.11777903
0.04,33.1972,829.93
0.0,0.0,824.09
5.71553,4797.6620838,839.40808355
1.14363,1019.1586108,891.16113673
0.0,0.0,897.11
0.0,0.0,893.75
0.82085616,737.04048033,897.89236683
3.2076,2945.762838,918.3697587
35.4102515,33150.743291,936.19056309
0.0,0.0,923.82022179
0.5764,529.10225,917.94283484
0.39320853,353.67945339,899.47044992
0.3466,312.348902,901.17975188
0.8423,775.539302,920.74
0.3352,309.731504,924.02
0.0837,77.414363,924.90278375
12.2770348,11302.007517,920.5812072
1.1749,1098.519751,934.99
1.54830624,1515.60727,978.88081236
0.56047219,554.21138625,988.8294123
1.42903517,1454.5011306,1017.8203876
0.2023,205.218337,1014.4257884
0.0418,43.0516677,1029.9442033
1.38890427,1417.3757255,1020.499221
11.5278,12073.295496,1047.32
118.59681393,125404.47135,1057.4016889
22.9013,24299.277273,1061.0435771
3.64582061,3585.0422613,983.32930903
0.1077,109.352757,1015.3459331
0.0,0.0,1013.4612511
0.52353288,531.59338635,1015.3963708
0.91,915.5683,1006.119011
0.7088,714.97380114,1008.7102161
1.07951362,1106.0282714,1024.5616645
1.8815,1963.425538,1043.5426723
2.407,2573.4648859,1069.1586564
3.6769951,3916.145756,1065.0396994
0.9997,1060.1751257,1060.4932736
0.5137,561.4741,1093.0
6.3968491,7142.1479917,1116.5103131
2.70097566,3057.659235,1132.0573081
11.46964376,13391.988088,1167.6027929
1.3078,1548.848878,1184.316316
3.301906,3836.7750099,1161.9879578
0.1215,143.983475,1185.049177
0.0,0.0,1192.3252271
2.12027862,2534.1809158,1195.2112764
13.6559535,16764.942654,1227.665476
2.42790765,3085.7045996,1270.9316187
0.0,0.0,1292.0741517
17.85917169,22334.912625,1250.613019
0.4607,590.456831,1281.6514673
0.8349,1067.9892529,1279.1822409
2.47596854,2933.1571397,1184.6504074
2.33452625,2743.0216532,1174.98
4.36676864,5219.6380631,1195.3090474
0.7402,885.909298,1196.8512537
0.9144,1088.07926,1189.9379484
2.21058604,2724.8714111,1232.6466203
2.882,3557.3606782,1234.3375011
0.1353,169.783911,1254.87
0.9529,1190.0919744,1248.915914
22.89269569,25296.451356,1105.000988
1.38743266,1474.1696748,1062.516198
8.2264657,8274.1593168,1005.7975829
0.2989,305.604595,1022.4308966
6.70786931,7278.2217234,1085.0273592
0.6963,759.99123677,1091.4709705
0.46867643,482.51245374,1029.521484
3.0136,3054.5793602,1013.5981418
1.6821,1514.741292,900.50608882
0.8015,776.027999,968.21958702
1.27218739,1248.8993454,981.69448556
0.8148,846.991828,1039.5088709
5.64328314,5724.0680184,1014.3152269
3.46425602,3622.7087073,1045.7393121
7.54210151,7942.562745,1053.0967708
2.48038412,2698.7497064,1088.0370039
4.71931277,5144.0981124,1090.01
0.756,864.195287,1143.115459
0.1933,223.322739,1155.3168081
9.877,11218.425744,1135.8130752
14.71503962,17066.211634,1159.7802028
0.1123,133.186488,1185.988317
1.1388,1354.835412,1189.7044362
0.7547,895.2392,1186.2186299
0.53052079,642.27898041,1210.6575134
0.73881206,893.13876073,1208.8849236
5.4207,6597.588453,1217.1100509
4.06922848,4814.6509458,1183.1852081
0.9435,1127.671711,1195.2005416
2.84296163,3351.7153163,1178.9520059
2.7095,3218.9271546,1188.015189
0.2852,334.630402,1173.3183801
3.95065236,4729.5278147,1197.151099
0.30792254,368.04133671,1195.24
1.89263972,2307.9406622,1219.4294761
2.24730482,2806.8672932,1248.9926904
1.57394125,1966.6925905,1249.5336726
0.6159,768.82516664,1248.2954484
2.3377,2932.200967,1254.3102053
0.54275954,687.67275018,1266.9933912
10.16741876,13120.942236,1290.4890165
1.9874,2619.2192057,1317.9124513
2.78605589,3749.7954071,1345.9153567
1.7952,2441.490309,1360.0101989
0.8687,1172.529159,1349.7515356
17.21152488,24394.193337,1417.3173793
2.9608269,4288.7886389,1448.5104276
3.77861931,5501.7161621,1456.012292
3.20835043,5001.8201002,1559.0005547
1.83666815,2992.0577118,1629.0682189
1.90257083,3019.5031811,1587.0647933
1.14345608,1828.6035286,1599.19
1.42974192,2370.8324036,1658.2240266
0.91046455,1553.2524223,1705.9998902
1.27811308,2209.3988519,1728.6411402
4.20734687,7741.5115135,1839.9984011
3.37316256,6032.43958,1788.3631378
1.77191536,3011.1674386,1699.3855952
0.3164,569.940594,1801.329311
2.3668,4202.675672,1775.6784147
4.9506,8503.3040007,1717.6309944
2.71083169,4954.6621433,1827.7276902
3.54416147,6462.6931413,1823.4759325
1.94908694,3754.8775256,1926.4802655
2.86511407,5712.5027111,1993.8133601
10.92014016,22691.635093,2077.9618907
30.84870564,67091.824625,2174.8667645
9.06055574,19668.275602,2170.7581926
9.99286316,23211.267891,2322.7845232
16.77448058,44690.516975,2664.1967697
8.40648224,21797.539266,2592.944188
18.43302079,39157.795062,2124.3286984
12.49736963,27767.331359,2221.8540526
24.42436433,54429.619677,2228.4968788
3.05683517,7016.7573579,2295.4320294
11.3584106,25476.30584,2242.9463714
9.83626969,23685.303149,2407.9558507
4.2823204,10426.800426,2434.848272
8.40179862,20742.89476,2468.8635967
5.2401877,13202.027602,2519.3806707
11.08374561,28652.589667,2585.0998999
22.17185648,62944.430722,2838.9337076
1.70407555,4801.7334421,2817.7937545
14.4744844,40526.987682,2799.8916274
1.87002796,5241.1931837,2802.7351975
0.28674385,807.83124561,2817.2574429
2.86909271,8346.6898248,2909.1739684
37.64360468,111479.30073,2961.4406397
13.09238248,36019.048857,2751.1454781
12.60048924,35205.613747,2793.9878426
22.75220353,53998.113051,2373.3135553
27.31872784,67111.82213,2456.6232558
0.29630913,743.4955149,2509.1886804
3.27460841,8507.2361727,2597.94
6.48577981,16686.948353,2572.8515062
1.1905152,3124.4709706,2624.4696167
6.91670343,18597.934682,2688.8437347
0.55045326,1450.5752289,2635.2377836
1.03556894,2804.3139753,2707.9935164
3.99365902,10810.199191,2706.8408036
5.26954522,13621.665667,2584.979367
2.0173,4993.148685,2475.1641724
3.27366411,7869.3042322,2403.8215186
0.46151548,1151.3771602,2494.7747369
3.20700604,8225.0982514,2564.7280201
0.39447297,992.04177425,2514.8536141
3.02722174,7529.112715,2487.1361802
7.40657485,17915.048861,2418.8034582
28.04030652,70052.106754,2498.2646571
2.13195977,5598.2297549,2625.8608786
1.47390733,3777.987215,2563.2460997
0.25044011,652.59683864,2605.8
10.48370355,27006.053145,2576.0031287
5.2189,13058.598863,2502.1745699
0.2349,600.390443,2555.9405832
2.30881695,5805.5441533,2514.5103657
1.50043638,3422.4834754,2280.992064
3.73998148,8613.4426898,2303.0709472
5.32310778,12690.240962,2383.9909854
1.42629438,3337.481622,2339.9668882
0.50551099,1064.1553224,2105.1081846
14.24351201,28301.636456,1986.9844205
21.08430955,42763.671369,2028.2225163
53.60594718,120531.72329,2248.4767014
4.66002813,10940.021839,2347.63
2.41786631,5602.9851332,2317.3262765
15.58610341,43101.610127,2765.3871524
0.23456115,645.5463197,2752.1451003
1.13767725,3166.6864398,2783.4664355
11.62550058,31753.695679,2731.3830885
19.96396993,53666.203679,2688.1529008
0.5142,1261.0948462,2452.5376239
2.80829408,7192.5638418,2561.1861283
1.5453,4144.244399,2681.8380891
0.338,926.29636156,2740.5217798
17.31116351,45494.083553,2628.0199784
1.1537,3150.38607,2730.6804802
0.66806484,1918.5637718,2871.8226988
3.31607403,9067.850037,2734.5137518
0.34150461,926.25625461,2712.2803836
4.89917826,13621.379948,2780.3397275
4.87798497,15414.446233,3160.0028143
0.26554419,851.87212731,3208.0239726
5.97801517,19337.309791,3234.7374907
3.0399196,10458.212377,3440.2924265
2.17412407,7397.6524193,3402.589816
1.72851047,5811.2694852,3362.01
0.86111843,2990.0012462,3472.23
6.46053415,24363.09413,3771.064987
30.44661261,126079.36121,4140.9979764
17.8713874,72857.782739,4076.7838058
22.06887606,93953.358134,4257.2787975
6.35024651,25756.085588,4055.9190179
1.45574754,6274.2685554,4309.9977043
1.75470153,7514.5393317,4282.5171137
15.70288526,63039.685771,4014.5288415
1.69003431,6926.6595213,4098.5318939
1.39302525,5561.9043772,3992.6802312
3.78873055,14450.082778,3813.9642255
0.6406953,2633.5498723,4110.4560503
2.36666853,9856.8149473,4164.8481071
1.72836171,7480.4607244,4328.0643636
4.79549289,20728.280993,4322.4505735
0.21483095,933.37880459,4344.7129224
1.24353727,5304.1399834,4265.3647071
2.04472014,8937.9588088,4371.238212
3.92230031,18101.485418,4615.0177159
4.65087146,21448.846303,4611.7908196
1.51214072,7158.1414975,4733.78
7.86250363,37489.219498,4768.1020273
1.9972806,9327.2720119,4669.9857856
2.30444485,10524.464519,4567.0281583
28.09799055,122149.1369,4347.2552488
11.58618067,52395.629325,4522.2520533
7.85848219,35577.126881,4527.2262533
2.72121885,12625.257916,4639.5599224
0.7083773,3139.5094506,4431.973541
20.95597789,87016.59346,4152.3518452
5.83606831,24351.579308,4172.6001161
3.66588074,15973.98132,4357.4743568
5.55110456,22349.568628,4026.1480191
6.52028467,25021.684839,3837.5141739
19.83574531,62087.713529,3130.0922934
16.43812608,63471.950096,3861.2643429
22.72914363,80942.451362,3561.174705
17.4956282,68755.917174,3929.891307
0.48678569,1930.067243,3964.9219003
0.84399969,3338.0218669,3955.0036647
3.12666497,12104.724068,3871.4490308
1.36953671,5142.897369,3755.2095766
1.00588079,3732.2857598,3710.4652926
1.39637445,5084.7412793,3641.3880813
0.41866697,1579.6597845,3773.07
1.23850902,4818.2994927,3890.4032307
2.12916334,8380.4110088,3936.0113202
7.5575803,32080.274954,4244.7812237
0.37793495,1531.3243891,4051.82
3.45427582,14677.032626,4248.9463467
3.75992791,16219.11057,4313.6759423
16.07344824,71448.566975,4445.13
0.61639365,2645.5667875,4292.0085039
4.49274945,19447.977061,4328.7473022
0.81760118,3399.7771989,4158.2342126
0.2057041,903.84324499,4393.9
0.61868394,2688.2064667,4345.04
0.65645805,2930.220418,4463.6826649
6.45533411,29442.878431,4561.0154222
2.88485336,13953.862676,4836.9400224
2.85986429,13626.101923,4764.5973869
6.18745992,30303.398146,4897.5506165
16.16916318,89099.106061,5510.4339705
1.81112015,10122.749618,5589.2203606
7.21278473,41381.560534,5737.2515725
3.10489734,17574.340428,5660.2001625
3.21418282,18202.636467,5663.2237449
4.64724771,24813.687132,5339.4371637
29.64622699,164531.18492,5549.8186996
0.52060543,2931.5596337,5631.0585037
0.31433761,1911.1723358,6079.9989406
1.59993585,9420.9463544,5888.3275567
20.59034772,121154.00604,5884.0194293
0.50369746,2886.7474165,5731.1137057
5.37433139,29748.21403,5535.2399902
1.04157575,5986.9771068,5747.9997079
1.51908997,8885.537007,5849.25
2.976471,17319.2949,5818.7346356
45.67305333,265605.73711,5815.3707218
0.09767325,598.24865625,6125.0
3.94558547,24104.054906,6109.1199493
2.54114979,16298.882571,6413.9794653
16.76719619,118827.46722,7086.9014639
0.80722299,5820.1254128,7210.0590356
2.71873771,19551.03676,7191.2184424
0.68965944,5165.5285158,7489.97
1.39763133,10200.674768,7298.5447227
0.95856116,6889.1867347,7187.0080097
5.02194347,36967.357572,7361.165611
1.85037814,13644.095173,7373.6794002
2.16844689,15531.923223,7162.6947816
1.48648529,9949.4569941,6693.2764562
63.55054323,392381.73528,6174.3254319
7.66694968,48124.434421,6276.8684327
6.9625125,45837.991333,6583.5416932
1.77679754,12328.58471,6938.6547607
25.73975832,189973.85885,7380.561095
78.51631942,593332.2863,7556.8020849
6.1451156,47610.884834,7747.7606497
0.98564747,7623.180906,7734.1860432
2.27292442,18241.449946,8025.5418023
6.7340968,54887.330781,8150.6596076
1.90331194,15712.274187,8255.2280881
12.52030584,102209.43999,8163.493871
11.74776479,97023.499262,8258.8901801
11.67419504,97187.646931,8324.9977063
19.60283203,178716.4347,9116.8681353
10.02474974,97734.69996,9749.3406314
5.07262657,50345.848468,9925.005867
27.52033547,291879.56109,10605.959415
0.96023536,9956.7759987,10369.099508
0.0,0.0,9546.3493513
8.64279298,94789.582539,10967.471136
0.66117191,7384.3047706,11168.509519
4.26321416,49410.552499,11589.976634
40.77165165,480709.17733,11790.279713
26.45607554,328846.30285,12429.897335
25.47650933,369270.55323,14494.550586
14.84326057,246579.66514,16612.230445
28.14913465,452520.85185,16075.835278
13.21595312,187425.99448,14181.799283
1.48666421,25050.346466,16850.036678
4.39204821,74305.401704,16918.166229
3.13757139,54029.039347,17220.019127
34.47430327,582930.83278,16909.140359
1.67377869,29055.058716,17358.960829
11.20121416,203434.12423,18161.792224
6.29490099,124242.78853,19737.052057
7.46239969,140793.24815,18867.02053
6.00108936,113093.39454,18845.477505
11.81400792,195210.47137,16523.644871
7.21328382,124150.76743,17211.407527
39.76275612,541586.38534,13620.443807
4.09504787,59387.442107,14502.258336
25.11134954,363423.9257,14472.496794
1.70210745,24224.406773,14232.007957
2.41491212,37295.921695,15444.007832
7.85114347,127668.59087,16261.146081
5.12928123,73001.068463,14232.221863
7.90634486,115471.64831,14604.934436
5.28245788,74325.714123,14070.28997
18.60002929,244747.43078,13158.443299
2.50152345,34017.753168,13598.814422
0.98837527,13267.294304,13423.336972
1.70238417,26060.096874,15308.0
5.00870605,74729.929521,14920.007039
1.73194415,25899.474992,14953.989707
5.92626215,97847.076261,16510.757335
8.7823888,146978.09474,16735.548618
0.9393569,14935.812278,15900.039993
6.89780092,104493.79985,15148.857014
2.67908603,37946.694239,14164.044683
8.55281838,116703.06206,13644.983078
4.65364021,63435.686316,13631.411853
3.32587165,47748.570139,14356.708606
4.89301122,67293.780654,13753.040332
2.82567108,38545.68019,13641.248078
73.13222326,925525.11937,12655.503663
2.30651828,25897.030263,11227.758517
5.43485974,58271.589563,10721.820314
1.74700466,19950.546644,11419.858859
10.14479783,127124.89279,12531.042503
10.44407072,124877.50782,11956.784971
6.36782854,74617.143832,11717.831811
3.55631863,36586.046401,10287.617676
11.47165386,124984.19235,10895.045638
3.68220917,41846.683941,11364.559157
6.12378854,67674.74513,11051.123775
4.08951291,45598.08644,11150.004278
16.79600547,193608.26179,11527.042078
2.16732789,23883.955273,11020.000888
0.44862796,4928.5270734,10985.777778
1.10442308,11206.574232,10146.993878
0.0,0.0,10031.110486
6.23256115,52272.522477,8387.0051522
2.67373982,23074.859384,8630.1812955
1.40466185,12894.168618,9179.5535116
10.76796099,85924.214194,7979.6178937
35.58820107,211008.88397,5929.1809539
4.01362416,30950.254988,7711.2987549
62.93599485,522158.13748,8296.6534291
9.26680981,74194.364407,8006.4624103
13.42248837,120150.82317,8951.4566791
6.49772388,51514.702645,7928.1150749
0.56166911,4750.0409671,8457.0094429
10.12075314,87208.566778,8616.8060392
1.99258969,17692.983873,8879.3914582
27.3333809,268395.13214,9819.3170148
70.71865352,689930.0246,9755.9836091
2.15177572,23110.068811,10739.998874
11.21500249,119111.99051,10620.772542
2.45656694,26570.515283,10816.116935
3.17953333,36682.332045,11537.017618
0.45296351,5040.1095259,11126.965892
5.57132823,59258.481695,10636.3293
1.01902964,10062.917531,9874.9998391
17.6073272,178053.64818,10112.474548
7.80102229,76024.289633,9745.4265361
8.26718285,78490.139828,9494.1821479
11.66008213,123643.5173,10604.000548
0.60565057,6508.963932,10747.061514
13.44960647,141414.00649,10514.360164
0.26276082,2908.7708928,11070.032788
1.79809348,20285.180273,11281.493704
0.84999367,9470.52047,11141.871762
1.19794882,13784.801221,11507.003463
3.05532735,34429.680633,11268.737091
21.81112801,229728.09912,10532.609731
10.46007742,104170.55892,9958.8707365
1.9952371,17412.441818,8727.0038321
27.29330803,255487.95839,9360.8278671
0.99398593,8687.2995087,8739.8616485
0.18154862,1742.8669365,9600.0010162
4.23159966,39557.034223,9348.0095948
0.1757343,1609.6206184,9159.3992659
75.68903355,596878.32744,7885.9287726
0.28714601,2351.1508529,8187.9976423
2.27509185,18623.400972,8185.7798277
21.47076391,166625.96023,7760.5976631
0.64485081,5342.352363,8284.6330968
2.77092595,23507.276615,8483.545587
4.15733764,37755.268339,9081.5977936
13.76654447,123994.35234,9006.933629
1.38095596,11548.959767,8363.0181563
1.45103663,12900.721431,8890.6931532
0.91334132,7777.9981969,8515.9819517
0.89630589,7569.3105441,8445.008148
2.49155339,19877.284545,7977.8681947
11.10882874,87653.579073,7890.4429193
5.89705714,44921.32046,7617.5827017
2.05725262,14474.3993,7035.7909183
1.08013287,7364.6195582,6818.253349
1.83165785,12554.131702,6853.9720461
1.76985626,12202.877087,6894.8407638
3.56217295,26141.117598,7338.5312744
1.33733195,9832.9981648,7352.6981575
0.55328745,3733.5743197,6747.9830235
42.71811589,281584.58505,6591.6901806
0.17176424,1178.7214551,6862.4380438
0.0610097,422.1264174,6919.004968
0.22530343,1603.7080417,7117.9921306
0.52027536,3490.7285443,6709.38663
0.16410463,1122.5954393,6840.7298399
14.17890985,96232.145025,6786.9918099
10.43523873,81623.350459,7821.8958445
6.22589891,49840.510346,8005.3516875
0.57236895,4650.0166058,8124.1594357
3.4758731,28099.007072,8084.0140775
4.1930029,33594.449679,8012.0263402
83.58807188,680823.99975,8144.9898823
1.2667979,10355.090825,8174.2248109
0.76260647,6336.4913162,8308.9923381
1.92534955,17198.146895,8932.480284
9.57595074,85146.791479,8891.7324024
1.52041683,13526.399651,8896.5074474
2.16429777,19984.185402,9233.5655836
2.36872854,22292.958401,9411.3605777
9.62849255,85074.377538,8835.6902283
7.42768336,68493.158735,9221.335296
2.07748196,19011.832839,9151.3828785
0.72802919,6874.5283037,9442.6547701
0.91275679,8487.0246602,9298.2322928
1.05158004,9436.0143035,8973.1774516
4.01788836,36765.969215,9150.5701306
0.83096047,7648.9845784,9204.99212
1.04916481,10119.269712,9645.0715991
0.57176253,5583.2625975,9765.0026096
2.63703837,25427.680424,9642.514388
1.13044216,10548.564444,9331.3614945
1.55836879,14531.336789,9324.7098389
0.16292589,1475.6160672,9056.9771766
0.04347471,403.22782625,9274.9974928
52.21284551,459436.14135,8799.2932939
1.74737657,14524.527371,8312.1907554
5.10509597,43164.84636,8455.2467992
10.96771303,92080.875137,8395.6313304
0.72536358,6339.6166456,8739.9158442
0.11015401,907.03848946,8234.2757151
1.60126581,13349.768571,8337.0096877
22.41477273,178872.32047,7980.1085929
0.15296021,1258.2289,8225.8575615
16.86842358,139125.13726,8247.6668079
0.73888772,6317.071778,8549.4339762
0.12606219,1048.6248583,8318.3138284
1.19692465,9509.7219445,7945.13
3.02826961,23162.890791,7648.8865834
8.64454618,64893.060549,7506.820971
0.23291838,1728.0273891,7419.0254505
0.16273985,1186.084609,7288.2247892
1.0583067,7642.9871518,7221.9018851
0.43132455,3060.9346155,7096.5926135
7.47589084,55776.42155,7460.839483
0.51748376,3918.9583769,7573.1040853
14.84662683,112007.82634,7544.3282584
42.27638385,322969.29467,7639.4730404
21.40533728,165217.1504,7718.502551
1.76963791,13414.230617,7580.2120545
0.67994346,5048.6920782,7425.1645544
0.10886228,830.14355886,7625.6308325
1.47608941,11365.752501,7699.9078943
0.16112569,1231.6630014,7644.1131234
0.0835069,639.87245632,7662.51
2.86805614,20992.374058,7319.3734825
18.95535812,128297.4225,6768.3987656
1.37782212,9423.0832594,6839.1145146
1.08606405,7140.584076,6574.7356945
4.92649728,31933.459902,6481.9806217
0.23352014,1536.1109353,6578.0661802
0.9480819,6126.8809843,6462.3963228
1.05362264,6853.8253984,6505.0096099
0.26489323,1705.1171665,6436.9979048
2.8483486,19042.373895,6685.4084837
1.54023774,10209.31315,6628.4008529
2.62944828,17781.878281,6762.5891013
0.77747447,5169.8340887,6649.522638
1.09119665,6609.3592841,6056.9827484
7.38490759,43562.912494,5898.9109834
0.07658643,472.13207402,6164.6962004
0.03989331,248.79531768,6236.5172928
0.54581064,3315.1114816,6073.739203
0.21650544,1320.8447441,6100.7462172
2.42317949,14247.858089,5879.8195296
1.45886294,9320.7735641,6389.0673404
9.19423677,58453.467194,6357.6203937
1.08388885,6833.1416982,6304.2826745
0.56960876,3782.3479587,6640.2559516
0.57983186,3750.5337023,6468.3125593
0.28383831,1871.7820246,6594.5362506
19.20685181,124034.65051,6457.8334722
0.81696805,5375.3864658,6579.6777068
0.07966698,535.7604155,6724.9996862
0.32825113,2201.0857729,6705.4933609
0.56760614,3747.8441078,6602.8956413
1.42835643,9020.0604875,6314.9927413
13.34486545,82902.908248,6212.3450071
1.45969585,9097.007404,6232.1252773
1.78457362,11073.295017,6205.0088004
0.10828389,679.81475926,6278.0784774
0.46683633,2969.3260904,6360.529161
2.84913234,19015.199498,6674.0316802
2.75344267,20561.024693,7467.3879782
0.29917881,2196.2741901,7341.0085095
16.21922239,119535.03066,7369.960642
4.03855059,29601.184719,7329.6555434
1.07110057,7912.7654042,7387.5092833
0.71787268,5509.9390913,7675.3709185
4.73135454,37756.192917,7979.9965523
2.39668964,19980.964845,8336.9012457
1.6143416,13333.603957,8259.4687253
0.5798032,4584.7103459,7907.356058
1.62691497,13330.923817,8193.9892757
0.33521209,2750.1870472,8204.3193825
1.7575387,14314.542441,8144.6527701
0.89133704,7239.87071,8122.4838474
30.37825787,229194.44857,7544.687044
1.86269032,14238.710422,7644.1640721
1.91920386,14109.854392,7351.9310201
1.5084742,11198.92676,7424.0094789
0.38586036,2688.6746785,6967.9991966
0.32817132,2322.7300407,7077.7971722
0.39551653,2748.5131013,6949.1737838
0.77244756,5058.6952885,6548.9174287
0.87472025,5558.2303196,6354.2947813
0.0,0.0,6450.8832729
1.95914724,11926.36115,6087.526709
0.13652034,866.51805453,6347.1718173
3.82525606,24566.013615,6422.0573026
5.3781419,32126.045234,5973.4469323
2.48789371,15739.442391,6326.412711
1.49555128,9426.0617369,6302.7338901
3.82572161,24873.465795,6501.6402997
6.14603435,39887.822311,6490.0096614
0.42054168,2678.2364411,6368.5398345
2.46283225,15850.966348,6436.0722691
7.6432196,48809.549588,6385.9933565
1.87837011,12545.300003,6678.8222065
1.222897,7863.2095888,6429.9851818
0.79674667,5188.8128726,6512.5002312
0.86265038,5769.3088609,6687.8876943
10.80540393,71401.170824,6607.9131596
0.65093315,4370.9473789,6714.8944234
1.97363469,13637.826986,6910.0057144
0.758692,5344.9910539,7045.0077949
5.52289297,38528.878336,6976.2131089
0.77809118,5440.0498644,6991.5326175
0.16414137,1157.195359,7049.9920833
1.08376275,7811.8099451,7208.0443299
0.91364374,6623.001126,7248.9974331
8.86228799,64561.684577,7284.9905859
2.22864581,16425.118096,7369.9993163
2.61424316,16744.910292,6405.2612046
8.43103574,54566.405909,6472.0880793
0.83489687,5370.1506274,6432.1125403
1.14719649,7099.1068997,6188.2222981
3.11699941,19668.39473,6310.0412106
0.78647877,4978.4148194,6330.005347
3.42300697,21394.859969,6250.311541
0.20283656,1295.1688401,6385.2830088
0.39631253,2598.5653566,6556.8589431
0.07061763,457.84587322,6483.45
0.45340235,2931.4018163,6465.3432349
0.74786192,4849.8453358,6484.9475633
0.52243038,3274.8514832,6268.4935803
0.24235699,1537.7109695,6344.817905
1.38732632,8873.3521519,6396.0093772
13.13093898,85916.590355,6543.0652359
0.69080497,4644.276679,6722.9925676
0.83279208,5574.6332753,6693.9076502
1.33780128,8884.5886753,6641.187154
7.2834499,46726.269663,6415.4034564
1.65357719,10633.906053,6430.8495047
0.71566401,4626.7656248,6464.9969261
5.86103718,39423.467096,6726.3635915
0.59424988,3861.137018,6497.4973458
0.3045654,2000.6622594,6568.9085478
0.50350129,3325.9865862,6605.7161169
0.19351621,1269.3327384,6559.3096228
0.20706723,1331.4444873,6430.010617
7.02307405,45949.592462,6542.660968
0.24689395,1616.9230507,6549.0590218
2.97912387,19578.773137,6571.9902867
0.18909465,1238.0641836,6547.325287
2.12252503,13904.107859,6550.7391729
0.21626732,1426.2120415,6594.6720084
0.58303611,3783.8963235,6489.9862265
1.94955955,12064.98722,6188.570757
2.99004959,18596.785033,6219.5573929
0.28089415,1741.8772021,6201.1871808
0.3437543,2146.7047943,6244.8812838
42.58017553,283213.28821,6651.2945211
4.09717779,26424.400582,6449.4151674
7.68937147,49498.604749,6437.2757828
1.41547857,9124.0759762,6445.9301395
0.77607742,4941.7169604,6367.5566806
0.64368908,4127.618633,6412.4415984
0.82128096,5283.6739553,6433.4548256
0.79440369,5096.8100384,6415.8942142
0.11858629,758.95184926,6399.9965701
2.01343733,12960.509565,6437.0066908
0.16308482,1043.5669621,6398.9215067
0.36846594,2354.1949559,6389.1792981
0.14173014,909.47154499,6416.9240572
1.01618398,6511.419338,6407.7169747
0.58502848,3746.2134014,6403.471847
1.45202146,9116.3803926,6278.4061006
0.65481335,4099.1394714,6260.0120652
1.73787168,10958.115075,6305.4799734
0.9998636,6351.2834608,6352.1498941
0.59456339,3769.8204847,6340.485385
0.1554468,984.86643124,6335.7137698
0.41921844,2687.632561,6411.055203
0.32089988,2053.3003338,6398.5699644
0.85789454,5578.5788086,6502.6393671
0.16280532,1050.969841,6455.3777545
1.32751019,8502.697289,6404.9958735
0.18686444,1188.0575893,6357.8580778
